Apo,Apo_Res,Holo,Holo_Res,4,Ligand
16gs,1.91011,18gs,1.89041,18gs,GDN
16gs,1.91011,19gs,1.89038,19gs,BSP
3atk,1.74102,1bjv,1.69873,1bjv,GP8
1c21,1.8,1c22,1.75005,1c22,MF3
2mat,1.91144,1c27,1.95002,1c27,NLP
1sp5,1.80103,1d4h,1.81004,1d4h,BEH
1sp5,1.80103,1d4i,1.81011,1d4i,BEG
1sp5,1.80103,1ec0,1.78649,1ec0,BED
1ce5,1.89951,1f0t,1.90028,1f0t,PR1
1ce5,1.89951,1f0u,1.80166,1f0u,RPR
1fh7,1.69976,1fh9,1.6,1fh9,LOX
1fh8,1.86025,1fhd,1.86003,1fhd,XIM
1ce5,1.89951,1g3b,1.80005,1g3b,108
1ce5,1.89951,1g3c,1.79994,1g3c,109
1ce5,1.89951,1g3d,1.79999,1g3d,108
1ce5,1.89951,1g3e,1.8,1g3e,109
1a01,1.78009,1g9v,1.85001,1g9v,RQ3
1c1o,1.3301,1ghz,1.3301,1ghz,120
1c1o,1.3301,1gi0,1.34009,1gi0,BMZ
4ncy,1.423,1gi1,1.3309,1gi1,BMZ
4ncy,1.423,1gi2,1.3301,1gi2,122
1hkh,1.73009,1hl7,1.73003,1hl7,BD1
1i2s,1.65321,1i2w,1.65439,1i2w,1QL
1sp5,1.80103,1iiq,1.83005,1iiq,0ZR
1jcz,1.45001,1jd0,1.49807,1jd0,AZM
1dp0,1.69998,1jz3,1.74996,1jz3,2DG
5nf7,1.58722,1kjr,1.57237,1kjr,BEK
1hm5,1.80013,1koj,1.89516,1koj,PAN
1kw3,1.45012,1kw6,1.45001,1kw6,BPY
1jse,1.1194,1ljn,1.19028,1ljn,CBS
1lpu,1.85752,1lp4,1.8604,1lp4,ANP
3iju,1.6,1lzb,1.50021,1lzb,NAG
1jis,1.90011,1lzc,1.80015,1lzc,NAG
1lzd,1.80022,1lze,1.80018,1lze,NAG
3q0e,1.79923,1mb4,1.84452,1mb4,NDP
1mn0,1.88804,1mmy,1.8061,1mmy,G6D
1mop,1.60026,1n2e,1.60028,1n2e,APC
1ozm,1.95098,1ozq,1.89915,1ozq,PRF
1pw2,1.94055,1pxi,1.94319,1pxi,CK1
1tgc,1.7973,1qbo,1.80201,1qbo,711
2tga,1.70244,1qbo,1.80201,1qbo,711
2g55,1.82001,1qcp,1.80018,1qcp,RWJ
1qxj,1.79823,1qxr,1.69921,1qxr,PA5
1qxj,1.79823,1qy4,1.79852,1qy4,6PG
1lz7,1.65,1r80,1.64969,1r80,UDP
1rgh,1.20013,1rge,1.15165,1rge,2GP
5la5,1.69962,1t3p,1.6,1t3p,RU7
1tks,1.60023,1tku,1.69641,1tku,5RP
1tje,1.50002,1tky,1.48003,1tky,A3S
3ptb,1.70009,1tx7,1.75062,1tx7,4CM
3rxp,1.59933,1tx8,1.69714,1tx8,AM4
1u0e,1.59989,1u0f,1.59886,1u0f,G6P
1jj0,1.90009,1uc0,1.85002,1uc0,F71
4lfp,1.71977,1uih,1.75176,1uih,NAG
1uj4,1.80008,1uj6,1.74008,1uj6,A5P
1gpf,1.84829,1ur8,1.90169,1ur8,GDL
1gpf,1.84829,1w1t,1.90045,1w1t,CHQ
1gpf,1.84829,1w1v,1.84804,1w1v,ALJ
4l55,1.64668,1w4o,1.61161,1w4o,UA3
4l55,1.64668,1w4q,1.67652,1w4q,UMF
1sp5,1.80103,1w5v,1.80127,1w5v,BE3
1sp5,1.80103,1w5w,1.80556,1w5w,BE4
1sp5,1.80103,1w5x,1.80663,1w5x,BE5
2d3n,1.89987,1wpc,1.90237,1wpc,ACI
1pvf,1.78001,1x84,1.77636,1x84,SBH
1kv8,1.61932,1xbv,1.65847,1xbv,5RP
1sp5,1.80103,1xl5,1.7283,1xl5,190
3f32,1.7,1xz3,1.61805,1xz3,ICF
1xza,1.85124,1xzc,1.77647,1xzc,PMB
4n85,1.60003,1y1d,1.7,1y1d,FHI
1zal,1.67629,1zai,1.62944,1zai,2FP
1zah,1.79462,1zaj,1.75114,1zaj,M2P
1t99,1.75004,1zha,1.73991,1zha,APX
1pw2,1.94055,2a0c,1.95003,2a0c,CK9
2ad6,1.49858,2ad7,1.49745,2ad7,PQQ
2afz,1.67979,2afx,1.63959,2afx,1BN
1j8a,1.20113,2ah4,1.13001,2ah4,GBS
1koi,1.08001,2at8,1,2at8,FDD
1yxc,1.90002,2ats,1.90002,2ats,DLY
2vk5,0.969995,2bf6,0.970001,2bf6,SIA
2iy6,1.79929,2bhp,1.79822,2bhp,NAD
2ejd,1.84802,2bja,1.89895,2bja,NAD
2but,1.85093,2bur,1.79012,2bur,PHB
2but,1.85093,2buu,1.79027,2buu,4NC
2but,1.85093,2buv,1.80061,2buv,DHB
2but,1.85093,2buw,1.79028,2buw,PHB
2bux,1.79,2buz,1.79001,2buz,4NC
2bux,1.79,2bv0,1.79046,2bv0,DHB
1gqv,0.980001,2bzz,0.980002,2bzz,AP5
2cjx,1.70003,2cnl,1.67233,2cnl,MY3
2cjx,1.70003,2cnn,1.70429,2cnn,K66
2d23,1.95125,2d20,1.85214,2d20,NPO
3qje,1.80002,2d60,1.70273,2d60,L35
1z8k,1.68995,2dio,1.7,2dio,EOD
2dvt,1.7,2dvx,1.70128,2dvx,23A
2iy6,1.79929,2ehu,1.80227,2ehu,NAD
2iy6,1.79929,2eii,1.87894,2eii,NAD
1mbo,1.50021,2eku,1.4005,2eku,7HE
2ex2,1.55048,2ex8,1.59982,2ex8,PNM
2a0k,1.79843,2f2t,1.7,2f2t,5IQ
4q90,1.54001,2fmz,1.59992,2fmz,DPN
4q9y,1.55,2gd8,1.45784,2gd8,PO1
16gs,1.91011,2gss,1.90002,2gss,EAA
2z9g,1.85851,2gx4,1.92999,2gx4,NOL
2b3h,1.09936,2gz5,1.08029,2gz5,MR6
2fbd,1.90002,2h5z,1.92,2h5z,CTO
2h68,1.79127,2h6q,1.87292,2h6q,M3L
4hkv,1.65,2hmk,1.65002,2hmk,PEY
4hkv,1.65,2hmm,1.60002,2hmm,AN3
4hkv,1.65,2hmo,1.60001,2hmo,3NT
4q7p,1.65005,2hnc,1.55188,2hnc,1SA
2z9g,1.85851,2hob,1.94852,2hob,PJE
4j1b,1.65767,2htx,1.55971,2htx,220
4lfp,1.71977,2hu1,1.62906,2hu1,220
2nmo,1.35002,2nn8,1.35,2nn8,LAT
4u6j,1.55807,2nq6,1.50257,2nq6,HM4
2ntw,1.53042,2ntu,1.53046,2ntu,RET
2ntw,1.53042,2ntu,1.53046,2ntu,RET
2nuo,1.49819,2nu5,1.5636,2nu5,NAG
4p0h,1.9311,2ooh,1.84991,2ooh,OX3
1pw9,1.60004,2orj,1.59901,2orj,BM3
1pw9,1.60004,2os9,1.66198,2os9,INS
2oup,1.56078,2oun,1.56037,2oun,AMP
1z5r,1.40001,2piy,1.43003,2piy,528
2pu0,1.9,2pu1,1.80003,2pu1,FSG
1sp5,1.80103,2pwc,1.77856,2pwc,G3G
1zja,1.59989,2pwd,1.6,2pwd,NOJ
4e5q,1.7024,2q1q,1.65883,2q1q,OSP
2hk6,1.71013,2q2n,1.80001,2q2n,H01
2z4u,1.10009,2qes,1.19725,2qes,1uca
2qgb,1.39962,2qge,1.45089,2qge,2gz5
4q7p,1.65005,2qoa,1.60002,2qoa,MAJ
1l90,1.75009,2ray,1.79764,2ray,258
1c6k,1.90306,2rb0,1.8396,2rb0,260
2rbp,1.46691,2rbr,1.4336,2rbr,268
2rbp,1.46691,2rbs,1.557,2rbs,269
3cli,1.80001,2rch,1.84998,2rch,4nhv
2rcq,1.20001,2rct,1.2,2rct,RTL
2rfw,1.59998,2rfy,1.69995,2rfy,CBI
2ri6,1.67903,2rht,1.70195,2rht,C1E
1sar,1.83314,2sar,1.84619,2sar,3GP
2vb9,1.50006,2vb8,1.51618,2vb8,TLM
2vjk,1.97001,2vjm,1.88537,2vjm,COA
2j12,1.50119,2wbw,1.55016,2wbw,SIA
4q7s,1.80026,2wd3,1.79973,2wd3,MS4
2ggn,1.35006,2wd4,1.40065,2wd4,TBV
2uuq,1.51786,2whf,1.58067,2whf,II4
6bfj,1.54275,2xyg,1.57594,2xyg,TQ8
2ya4,1.80105,2ya8,1.74918,2ya8,G39
2y8n,1.75,2yaj,1.75079,2yaj,4HP
2yav,1.70117,2yax,1.80003,2yax,1wnz
2yvm,1.69665,2yvo,1.67068,2yvo,AMP
2yvm,1.69665,2yvp,1.66001,2yvp,RBY
2yze,1.98995,2yzb,1.89639,2yzb,URC
2z94,1.78,2z3c,1.79006,2z3c,Z3E
1ufk,1.89796,2zbr,1.87469,2zbr,SFG
2tga,1.70244,2zdk,1.66973,2zdk,50U
1tgc,1.7973,2zdl,1.8002,2zdl,45U
1tgc,1.7973,2zft,1.75832,2zft,10U
6bvh,1.92701,2zhd,1.93978,2zhd,12U
2tga,1.70244,2zq1,1.68177,2zq1,11U
2zq7,0.940007,2zqa,0.950007,2zqa,CEF
2ztx,1.69658,2zu3,1.74747,2zu3,ZU3
2z9g,1.85851,2zu4,1.93359,2zu4,ZU3
2hpo,1.5,2zxg,1.54996,2zxg,S23
3b2x,1.50153,2zxg,1.54996,2zxg,S23
3a23,1.90006,3a22,1.90001,3a22,ARA
3rt5,1.75005,3a34,1.65104,3a34,ARG
1a3h,1.60047,3a3h,1.63528,3a3h,CTR
3a71,1.14,3a72,1.04,3a72,AHR
3atk,1.74102,3a7t,1.74209,3a7t,FAD
3atk,1.74102,3a7v,1.74944,3a7v,3FZ
3atk,1.74102,3a7w,1.7502,3a7w,O04
3atk,1.74102,3a7y,1.80936,3a7y,O13
3atk,1.74102,3a7z,1.80003,3a7z,4yux
3atk,1.74102,3a81,1.779,3a81,H06
3atk,1.74102,3a82,1.75,3a82,O09
3atk,1.74102,3a83,1.78002,3a83,H06
3atk,1.74102,3a84,1.747,3a84,O09
3atk,1.74102,3a87,1.74914,3a87,H06
3atk,1.74102,3a88,1.74924,3a88,H06
3atk,1.74102,3a89,1.79902,3a89,SZ4
4ncy,1.423,3a8a,1.40034,3a8a,FMN
3atk,1.74102,3a8b,1.75002,3a8b,BR6
3rxr,1.72002,3aau,1.80029,3aau,GZC
3atk,1.74102,3aau,1.80029,3aau,GZC
2zco,1.57935,3acw,1.63,3acw,651
3ah4,1.77837,3aj5,1.7993,3aj5,NGA
3atk,1.74102,3ati,1.70927,3ati,SZ4
3atk,1.74102,3atm,1.72,3atm,TSS
4b4j,1.25004,3ato,1.16745,3ato,GEE
3azy,1.649,3b00,1.74057,3b00,16A
4n85,1.60003,3b56,1.55001,3b56,DIU
3bp4,1.84945,3b6s,1.79838,3b6s,CIR
5eoi,1.803,3bet,1.80725,3bet,CTF
1sp5,1.80103,3bgb,1.89869,3bgb,LJG
4q7s,1.80026,3bl0,1.90001,3bl0,BL0
1ywc,1.00001,3c78,0.980012,3c78,FDD
1cah,1.89524,3caj,1.80517,3caj,EZL
1zcr,1.80219,3cfn,1.8699,3cfn,2AN
1zd6,1.9,3cft,1.87135,3cft,5NS
2qgb,1.39962,3cn4,1.4007,3cn4,6BD
3csr,1.80009,3csz,1.80004,3csz,NAG
3csr,1.80009,3ct0,1.7716,3ct0,NAG
188l,1.78733,3dn3,1.7994,3dn3,IBF
3dna,1.69942,3dn8,1.6992,3dn8,IBF
1q9a,1.03995,3dw4,0.97004,3dw4,OMU
1q9a,1.03995,3dw5,0.96,3dw5,OMU
1q9a,1.03995,3dw6,1.00001,3dw6,UMS
1q9a,1.03995,3dw7,1,3dw7,UMS
2oxz,1.90005,3ehx,1.90002,3ehx,BDL
2oxz,1.90005,3ehy,1.90003,3ehy,TBL
4f75,1.65007,3el1,1.69243,3el1,QFI
3rt5,1.75005,3ems,1.65168,3ems,ARG
2qgb,1.39962,3esp,1.31061,3esp,DZ3
2oxw,1.15,3f17,1.10038,3f17,HS4
2oxw,1.15,3f18,1.127,3f18,HS5
2oxu,1.24294,3f1a,1.25001,3f1a,HS7
3f32,1.7,3f33,1.70022,3f33,PFL
3f32,1.7,3f34,1.68014,3f34,DIE
3f32,1.7,3f36,1.70006,3f36,IP0
3f74,1.69518,3f78,1.59925,3f78,ICF
3d7p,1.7196,3fc8,1.75001,3fc8,IFA
1zcr,1.80219,3fcb,1.80001,3fcb,IFB
3do0,1.36101,3fgd,1.32977,3fgd,BYA
2xnz,1.59402,3ger,1.56008,3ger,6GU
2eb7,1.79862,3gf2,1.79944,3gf2,SAL
3gke,1.74957,3gl0,1.74905,3gl0,HXX
3gno,1.83006,3gnr,1.81003,3gnr,G2F
3fyd,1.75001,3grr,1.80001,3grr,SAH
1zcr,1.80219,3gs4,1.78004,3gs4,7BD
2j9n,1.492,3gy2,1.56717,3gy2,BRN
3gy7,1.54977,3gy4,1.54961,3gy4,HMG
2j9n,1.492,3gy5,1.56803,3gy5,BRN
4q7s,1.80026,3hkn,1.79931,3hkn,MFS
4q7p,1.65005,3hkq,1.70001,3hkq,1SD
3k7k,1.90022,3hku,1.80103,3hku,TOR
4q90,1.54001,3hlj,1.4414,,
3hre,1.45001,3hlw,1.50003,3hlw,NTM
3d93,1.10095,3hs4,1.09177,3hs4,AZM
2d1e,1.51206,3i8u,1.48008,3i8u,18B
1qxe,1.85002,3ic0,1.80004,3ic0,B77
3ikn,1.6,3ikr,1.65001,3ikr,MAN
3dg9,1.5,3ip8,1.49802,3ip8,B85
1gd0,1.49951,3jsg,1.58086,3jsg,0IN
3id7,1.29939,3k5x,1.39816,3k5x,P8D
5dsm,1.3007,3l14,1.21651,3l14,I7B
5nx0,1.80318,3l2x,1.80041,3l2x,RXR
1mop,1.60026,3le8,1.7,3le8,2B5
2oxz,1.90005,3lk8,1.8001,3lk8,Z79
2oxz,1.90005,3lka,1.80053,3lka,M4S
2vva,1.55996,3m2n,1.65003,3m2n,J74
4q7s,1.80026,3m2x,1.86637,3m2x,BEX
2cbb,1.67759,3m40,1.60003,3m40,J45
2cbb,1.67759,3m5e,1.7,3m5e,JDR
4q7s,1.80026,3m67,1.80002,3m67,4qsb
4q99,1.50001,3m96,1.40001,3m96,E38
4who,1.82997,3mfl,1.77562,3mfl,DHY
3mi1,1.74074,3mfl,1.77562,3mfl,DHY
2pho,1.94902,3mfv,1.90163,3mfv,Z70
3gmz,1.43099,3mfw,1.46782,3mfw,B3U
4e5q,1.7024,3mhc,1.6976,3mhc,ARZ
4e5q,1.7024,3mhi,1.70002,3mhi,J90
4q9y,1.55,3mhm,1.5,3mhm,J75
4q7s,1.80026,3ml2,1.80002,3ml2,SU0
4q9y,1.55,3mmf,1.49902,3mmf,D9H
4q7s,1.80026,3mnu,1.80152,3mnu,BON
3jvj,1.55012,3mul,1.65001,3mul,BTK
4who,1.82997,3mv6,1.85894,3mv6,DHB
4q9y,1.55,3mzc,1.49808,3mzc,S6I
2vva,1.55996,3n0n,1.50004,3n0n,P9B
2vvb,1.65898,3n2p,1.64814,3n2p,AYX
4ijo,1.90023,3n2u,1.81002,3n2u,D3X
2vva,1.55996,3n3j,1.50016,3n3j,WWV
2cbb,1.67759,3n4b,1.60018,3n4b,WWZ
3k7k,1.90022,3nb5,1.80097,3nb5,R21
3nv1,1.49752,3nv3,1.57004,3nv3,NAG
1tvh,1.8021,3o3a,1.796,3o3a,GIC
1tvh,1.8021,3o3b,1.9001,3o3b,GIC
2gt9,1.746,3o3d,1.69901,3o3d,TIG
1tvh,1.8021,3o3e,1.84903,3o3e,TIG
6env,1.82036,3o7s,1.73188,3o7s,MML
2ax2,1.50001,3oim,1.4499,3oim,VZ5
2ax2,1.50001,3oku,1.44962,3oku,VZ4
4q7p,1.65005,3oy0,1.59975,3oy0,OY0
3s76,1.60101,3oys,1.53817,3oys,OYS
3u9h,1.74999,3p0q,1.84001,3p0q,NNL
2vva,1.55996,3p3h,1.5,3p3h,84A
4q7p,1.65005,3p3j,1.60213,3p3j,498
4q9y,1.55,3p58,1.48981,3p58,P58
4q9y,1.55,3p5l,1.49841,3p5l,IT5
3rzy,1.07502,3p6d,1.05967,,
3rzy,1.07502,3p6e,1.07972,3p6e,ZGC
3p6c,1.25001,3p6f,1.20002,3p6f,FBZ
3p6c,1.25001,3p6g,1.20001,3p6g,IZP
3rzy,1.07502,3p6h,1.15,3p6h,IBP
3q6q,1.43,3pa2,1.48,3pa2,FUC
5p0d,1.8485,3pb5,1.89915,3pb5,F63
3pb6,1.04934,3pb8,1.13022,3pb8,AHN
5p2f,1.79722,3pbd,1.69965,3pbd,F05
5p4x,1.57627,3pbz,1.47851,3pbz,F02
5p2q,1.35,3pcw,1.25058,3pcw,FBF
5p0d,1.8485,3pgi,1.90073,3pgi,F41
5ozl,1.73987,3pi0,1.64115,3pi0,F91
5p56,1.4989,3pld,1.39899,3pld,F90
5p2k,1.82161,3pll,1.7334,3pll,F06
5oz3,1.75402,3pm4,1.66446,3pm4,F5N
5p2e,1.52728,3pmu,1.42936,3pmu,F7L
5oz1,1.47839,3pmy,1.3795,3pmy,41L
2vva,1.55996,3po6,1.47204,3po6,RDT
5oz1,1.47839,3prs,1.37883,3prs,RIT
5p1h,1.52811,3psy,1.43002,3psy,RB9
5p06,1.31894,3pww,1.21896,3pww,ROC
3q6q,1.43,3q3a,1.4,3q3a,NAG
3q49,1.54283,3q4a,1.54171,3q4a,SEP
3q2o,1.95688,3qff,1.96112,3qff,ADP
4kws,1.64232,3qke,1.55,3qke,GCO
1pw2,1.94055,3ql8,1.90007,3ql8,X01
1pw2,1.94055,3ql8,1.90007,3ql8,X01
4owc,1.62001,3qng,1.53662,3qng,2p2n
1pw2,1.94055,3qqk,1.85002,3qqk,X02
1pw2,1.94055,3qql,1.85018,3qql,X03
1pw2,1.94055,3qtw,1.84947,3qtw,X3A
1pw2,1.94055,3qu0,1.95007,3qu0,X40
1pw2,1.94055,3qwk,1.85004,3qwk,X62
1pw2,1.94055,3qx4,1.92001,3qx4,X4B
4q9y,1.55,3qyk,1.46948,3qyk,IE2
1pw2,1.94055,3qzh,1.95002,3qzh,X69
5zn5,1.69823,3r0t,1.75005,3r0t,FU9
4e5q,1.7024,3r17,1.69698,3r17,5UM
1pw2,1.94055,3r1q,1.84992,3r1q,X75
2bit,1.71005,3r49,1.77023,3r49,Q8A
3rcg,0.970014,3r4g,1.05001,3r4g,4SO
3r54,1.35,3r56,1.40003,3r56,6AI
2bit,1.71005,3r57,1.70628,3r57,N3M
1pw2,1.94055,3r7e,1.90002,3r7e,EF2
1pw2,1.94055,3r7v,1.95001,3r7v,Z02
1pw2,1.94055,3r8v,1.89982,3r8v,Z62
1pw2,1.94055,3r9d,1.95005,3r9d,X6B
3u90,1.87831,3rav,1.90001,3rav,RAV
3qyu,1.54002,3rci,1.44005,3rci,M3I
3r54,1.35,3rck,1.26001,3rck,1FP
2bit,1.71005,3rcl,1.70593,3rcl,5AO
3r54,1.35,3rd9,1.40001,3rd9,8NW
3p8y,1.80001,3reu,1.90001,3reu,ATP
3p8y,1.80001,3rex,1.80001,3rex,AMP
1pw2,1.94055,3rjc,1.85006,3rjc,06Z
1pw2,1.94055,3rk9,1.85008,3rk9,09Z
1pw2,1.94055,3rm7,1.85007,3rm7,19Z
1pw2,1.94055,3rni,1.95001,3rni,21Z
2oxz,1.90005,3rts,1.8136,3rts,FAD
2oxz,1.90005,3rtt,1.8153,3rtt,KLH
3atk,1.74102,3rxb,1.69933,3rxb,ALG
3atk,1.74102,3rxd,1.69927,3rxd,3a89
3rxl,1.70005,3rxi,1.60006,3rxi,TSS
3atk,1.74102,3rxj,1.69928,3rxj,GBS
3atk,1.74102,3rxm,1.70013,3rxm,SW1
3rxh,1.69947,3rxo,1.6,3rxo,SW2
3atk,1.74102,3rxs,1.74002,3rxs,SZ4
3atk,1.74102,3rxt,1.69824,3rxt,SZ4
5dsp,1.39831,3ryj,1.39136,3ryj,RYJ
4ygn,1.22908,3ryv,1.19201,3ryv,RYV
4ygn,1.22908,3ryy,1.16082,3ryy,RYY
3kok,1.39809,3ryz,1.37139,3ryz,RYZ
3s76,1.60101,3rz1,1.50986,3rz1,RZ1
2cbb,1.67759,3rz5,1.65006,3rz5,RZ5
4q7s,1.80026,3rz7,1.79716,3rz7,RZ7
4q7s,1.80026,3rz8,1.70118,3rz8,RZ8
3s0a,1.1499,3s0d,1.24001,3s0d,CTV
3row,1.84868,3s20,1.83906,3s20,CER
483d,1.10585,3s7c,1.10019,3s7c,UZR
483d,1.10585,3s8u,1.20012,3s8u,AT7
5dsp,1.39831,3s8x,1.30004,3s8x,E59
3kok,1.39809,3s9t,1.30003,3s9t,E49
4q7s,1.80026,3sap,1.75004,3sap,E2I
3kon,1.49753,3sbi,1.4,3sbi,E90
3scr,1.80406,3scs,1.85412,3scs,GLF
3sn1,1.79933,3sn4,1.85833,3sn4,AKG
3sza,1.48146,3szb,1.50952,3szb,I1E
2z94,1.78,3szn,1.68901,3szn,TA2
5nfc,1.58728,3t1l,1.60005,3t1l,MQT
4q7s,1.80026,3t5u,1.74824,3t5u,A09
2vva,1.55996,3t5z,1.64946,3t5z,B09
5p37,1.41931,3t6i,1.32002,3t6i,NC8
5oz0,1.44875,3t7p,1.34877,3t7p,7SP
5p0v,1.39987,3t7q,1.30006,3t7q,RB4
5p2q,1.35,3t7x,1.26869,3t7x,4SH
4q7s,1.80026,3t83,1.8,3t83,MG5
3mjl,1.90182,3thh,1.8501,3thh,ABH
3tot,1.76058,3tou,1.74801,3tou,GSH
2d4m,1.85009,3trn,1.83002,3trn,UMP
3us3,1.7385,3trq,1.76003,3trq,NAG
3twa,1.75775,3twb,1.76062,3twb,GCO
5b05,1.8001,3txe,1.70011,3txe,MEB
3lrf,1.60007,3u0e,1.60001,3u0e,07K
4pym,1.19,3u81,1.13004,3u81,SAH
1pw2,1.94055,3unj,1.90006,3unj,0BX
3onv,1.89341,3ut6,1.89477,3ut6,FMC
3kel,1.80003,3uwm,1.80005,3uwm,0K2
4q7p,1.65005,3v2j,1.69942,3v2j,AZM
4q9y,1.55,3v2m,1.47146,3v2m,AZM
3s76,1.60101,3v5g,1.50151,3v5g,0F3
3qnv,1.69002,3v7z,1.60998,3v7z,GEM
3vb7,1.95001,3vb5,1.95,3vb5,PHQ
4flg,1.30831,3vf5,1.24855,3vf5,31
1ab9,1.60005,3vgc,1.67985,3vgc,SRB
3vih,1.03,3vif,0.999002,3vif,LGC
3vii,0.970002,3vig,0.989,3vig,NOJ
3wc6,1.65099,3wc5,1.70007,3wc5,DDK
5zze,1.42346,3wfu,1.35403,3wfu,J1R
3wmz,1.90201,3wn0,1.90002,3wn0,FUB
5ozi,1.4999,3wz6,1.40392,3wz6,IXZ
5p0d,1.8485,3wz7,1.90049,3wz7,IXY
5ozp,1.48961,3wz8,1.45002,3wz8,IXV
3kok,1.39809,3zp9,1.31004,3zp9,9TH
434d,1.16002,464d,1.23322,464d,IU
3p1d,1.86007,4a9k,1.80605,4a9k,TYL
4ank,1.70003,4act,1.8,4act,FT0
5k2n,1.40122,4bad,1.3499,4bad,HM6
1vat,1.60582,4baf,1.50655,4baf,IKX
2d6b,1.25032,4bap,1.2071,4bap,DCJ
3zsl,1.07994,4bli,1.08004,4bli,GMK
3u9h,1.74999,4bu5,1.80005,4bu5,3F4
3u9h,1.74999,4bu6,1.80002,4bu6,RGK
3u9h,1.74999,4bu8,1.84997,4bu8,27F
3u9h,1.74999,4buv,1.79994,4buv,16I
5hcl,1.49981,4c67,1.54819,4c67,L5S
3avc,1.77002,4ceb,1.75018,4ceb,5ocm
3avc,1.77002,4cec,1.75029,4cec,2SS
3avc,1.77002,4ced,1.75038,4ced,9NS
3avl,1.88017,4cee,1.80028,4cee,B0T
3avc,1.77002,4cef,1.70002,4cef,D0T
3avl,1.88017,4ceo,1.90007,4ceo,G0T
3avc,1.77002,4ceq,1.70001,4ceq,QCH
3avc,1.77002,4cer,1.70003,4cer,VL4
3avl,1.88017,4ces,1.85,4ces,NFW
3avc,1.77002,4cez,1.70003,4cez,O3N
3avl,1.88017,4cf0,1.85003,4cf0,O5U
3avl,1.88017,4cf1,1.95003,4cf1,IY7
3avl,1.88017,4cf2,1.95004,4cf2,3GM
3avk,1.75001,4cf8,1.65001,4cf8,V7H
3avl,1.88017,4cfb,1.95003,4cfb,OM3
3avl,1.88017,4cfc,1.90004,4cfc,7NV
3avb,1.85013,4cgg,1.75016,4cgg,K5Q
3avc,1.77002,4cgh,1.76401,4cgh,LOZ
3avc,1.77002,4cho,1.70003,4cho,U2Z
3avh,1.88007,4chp,1.90011,4chp,IMV
3avl,1.88017,4cif,1.80001,4cif,JDX
3avl,1.88017,4cj5,1.95001,4cj5,4VW
3ava,1.70011,4cjt,1.71006,4cjt,HLR
3avc,1.77002,4cju,1.69997,4cju,JNS
3avl,1.88017,4cjw,1.95001,4cjw,CBJ
3avc,1.77002,4ck1,1.75008,4ck1,OM1
3avb,1.85013,4ck2,1.85017,4ck2,NVU
1zhr,1.73131,4cr9,1.7001,4cr9,OTW
1zhr,1.73131,4cra,1.80026,4cra,XJ8
5pem,1.95001,4cup,1.88002,4cup,ZYB
5pbo,1.93001,4cur,1.84155,4cur,LA7
5pgo,1.88052,4cus,1.78338,4cus,ES1
5pfx,1.88603,4cut,1.83483,4cut,TYL
5pe1,1.90001,4cuu,1.80067,4cuu,Y6M
4d4y,1.80002,4d5h,1.75002,4d5h,9RM
1zd6,1.9,4der,1.90002,4der,AGI
4dpx,1.94844,4dpu,1.90023,4dpu,AGS
4drr,1.50005,4drv,1.555,4drv,A2G
4drr,1.50005,4ds0,1.555,4ds0,NAG
4dty,1.45001,4dtz,1.55,4dtz,LDP
4q9y,1.55,4dz7,1.49086,4dz7,D02
4q9y,1.55,4dz9,1.491,4dz9,ID4
4eci,1.7589,4ecj,1.75951,4ecj,GSH
6gpw,1.60001,4egh,1.60003,4egh,0OY
2oss,1.34992,4f3i,1.39932,4f3i,0S6
4gwc,1.89831,4fci,1.8197,4fci,GPA
3mjl,1.90182,4fck,1.90102,4fck,GPA
2xnz,1.59402,4fej,1.5,4fej,HPA
2xnz,1.59402,4fel,1.59916,4fel,HPA
2xnz,1.59402,4feo,1.59988,4feo,6AP
4foq,1.9901,4fph,1.93846,4fph,0V7
4foq,1.9901,4fpj,1.98113,4fpj,D8I
5y2r,0.999048,4fpt,0.98022,4fpt,0VZ
5y2r,0.999048,4frc,0.980049,4frc,0VY
5y2r,0.999048,4fu5,0.979928,4fu5,0VX
5y2r,0.999048,4fvn,1.05024,4fvn,0VW
5y2r,0.999048,4fvo,1.04967,4fvo,0VV
4g8d,1.34352,4g8b,1.30152,4g8b,HL6
5jmg,1.84989,4g8y,1.80009,4g8y,0FT
4glf,1.98048,4glj,1.90006,4glj,RHB
4gfs,1.80101,4gui,1.78002,4gui,QIC
3kel,1.80003,4h4c,1.80002,4h4c,10D
4gwa,1.60001,4hap,1.60001,4hap,CBI
4q7p,1.65005,4ht0,1.60001,4ht0,V50
4hsj,1.88265,4i3p,1.96077,4i3p,1CW
1yfu,1.9,4i3p,1.96077,4i3p,1CW
4i4u,1.57201,4i4v,1.50001,4i4v,NGA
4i4u,1.57201,4i4v,1.50001,4i4v,NGA
4i64,1.75046,4i6w,1.66331,4i6w,1CO
4ihm,1.28999,4iav,1.34999,4iav,CXA
3fke,1.4,4ibg,1.41324,4ibg,1D6
3fke,1.4,4ibi,1.47345,4ibi,1D8
4ifu,1.833,4ifz,1.90097,4ifz,AMP
3w3b,1.90001,4ikk,1.9,4ikk,SUZ
1zd6,1.9,4ikl,1.90003,4ikl,SUZ
4u6j,1.55807,4ikt,1.59961,4ikt,TFV
5e9m,1.77769,4ir5,1.70003,4ir5,IR5
5e9m,1.77769,4ir6,1.80001,4ir6,IR6
3r54,1.35,4j58,1.28003,4j58,53Z
3rcg,0.970014,4j5c,1.03002,4j5c,7I6
3r54,1.35,4j5d,1.32006,4j5d,728
3rcg,0.970014,4j5e,0.990006,4j5e,7B7
5nfc,1.58728,4jc1,1.50008,4jc1,TDG
4j27,1.59102,4jl1,1.68,4jl1,LM5
4jpu,1.4114,4jpt,1.41187,4jpt,Q24
5u5x,1.52252,4jqj,1.60102,4jqj,DAH
4jpu,1.4114,4jqk,1.359,4jqk,1LN
4nvf,1.49,4jqm,1.41032,4jqm,1LQ
4js6,1.55005,4jsa,1.50004,4jsa,FB2
4jss,1.5001,4jsa,1.50004,4jsa,FB2
4jsw,1.9,4jsz,1.90001,4jsz,FB2
4jsw,1.9,4jsz,1.90001,4jsz,FB2
4jxq,1.15,4jxr,1.14995,4jxr,ACO
4p3r,1.1503,4kjj,1.1503,4kjj,NAP
4q7s,1.80026,4kni,1.80002,4kni,E1E
5p15,1.40966,4kup,1.31057,4kup,1TZ
3s76,1.60101,4kuw,1.50181,4kuw,MB2
4e5q,1.7024,4kuy,1.65195,4kuy,MB4
3s76,1.60101,4kv0,1.54999,4kv0,MB7
5p3x,1.42034,4l6b,1.32801,4l6b,1VS
4l63,1.8,4l6t,1.85859,4l6t,SIA
5nfc,1.58728,4lbo,1.64906,4lbo,SIA
5p2q,1.35,4lbt,1.25051,4lbt,1TZ
5p2k,1.82161,4lhh,1.72602,4lhh,1TZ
4q7p,1.65005,4lhi,1.60001,4lhi,WWL
4ee9,1.38106,4m24,1.38609,4m24,CBI
3k7k,1.90022,4m2r,1.99316,4m2r,BZ1
3k7k,1.90022,4m2u,1.99916,4m2u,ETS
3kok,1.39809,4mdg,1.35001,4mdg,25X
4mnv,1.80009,4mnx,1.85014,4mnx,29N
4mre,1.10439,4mrf,1.10557,4mrf,2CK
4mre,1.10439,4mrg,1.10817,4mrg,PNK
4mre,1.10439,4mrh,1.12,4mrh,2CQ
1utq,1.14998,4mtb,1.21974,4mtb,BZY
3kgs,1.80004,4n87,1.7936,4n87,GBJ
4poe,1.04956,4n9s,1.06041,4n9s,8HX
4poe,1.04956,4n9v,1.1,4n9v,AZA
4l6a,1.402,4nfl,1.37496,4nfl,2JW
4nfo,1.60931,4nfp,1.60572,4nfp,A7E
483d,1.10585,4nmg,1.00959,4nmg,6FU
4joh,1.47429,4nmt,1.39199,4nmt,FAK
4joh,1.47429,4nmv,1.40004,4nmv,2KP
4mre,1.10439,4np2,1.10645,4np2,FAD
4mre,1.10439,4np3,1.10571,4np3,2L2
5e9m,1.77769,4nra,1.85006,4nra,2LW
5pg7,1.95001,4nrc,1.86006,4nrc,5ame
483d,1.10585,4nxh,1.15815,4nxh,6FU
5hcl,1.49981,4o72,1.4,4o72,2R4
5hcl,1.49981,4o7b,1.50098,4o7b,2RJ
4p34,1.55001,4ogf,1.59985,4ogf,CGV
4ojv,1.31353,4ojx,1.30985,4ojx,G
4onl,1.33319,4onm,1.34972,4onm,N2F
4opy,1.75006,4oqh,1.70012,4oqh,2UL
3avc,1.77002,4ovl,1.7,4ovl,1TD
4plu,1.62897,4oyq,1.69722,4oyq,1X2
4pc1,1.89556,4pc3,1.83135,4pc3,GDP
4ioo,1.25001,4pci,1.25003,4pci,2NJ
4pth,0.849486,4psy,0.849486,4psy,NAP
4pwe,1.39536,4pwi,1.49403,4pwi,ROA
1f2w,1.90004,4pyx,1.80004,4pyx,V90
4q7s,1.80026,4pyy,1.75,4pyy,V14
3s76,1.60101,4q81,1.54971,4q81,7MH
4q7p,1.65005,4q83,1.55005,4q83,3FH
4mlx,1.65,4q87,1.55002,4q87,4FH
4mlx,1.65,4q8x,1.55001,4q8x,7FH
4q9y,1.55,4q8y,1.45004,4q8y,HQT
2q1p,1.49921,4qf7,1.47914,4qf7,C0R
4q7s,1.80026,4qjm,1.75001,4qjm,V1F
5um1,1.40032,4qkm,1.44023,4qkm,OLB
3kgs,1.80004,4qrf,1.77832,4qrf,QAP
2vva,1.55996,4qsa,1.50101,4qsa,EWW
4q99,1.50001,4qsb,1.40002,4qsb,E36
3k7k,1.90022,4qsi,1.95001,4qsi,EWZ
1f2w,1.90004,4qtl,1.80006,4qtl,WWO
4r36,1.90063,4r37,1.90018,4r37,UD1
5n8a,1.28002,4r4q,1.34786,4r4q,3HZ
5j51,1.66502,4r6n,1.672,4r6n,MBG
4r6q,1.6,4r6o,1.60003,4r6o,ZZ1
5j51,1.66502,4r6p,1.70001,4r6p,ZZ1
4r8r,1.46421,4r8s,1.48385,4r8s,SFG
6exy,1.09995,4r9a,1.19674,4r9a,LAT
2q1r,1.12001,4rby,1.19197,4rby,2SG
4e5q,1.7024,4rfc,1.64508,4rfc,3O1
4e5q,1.7024,4rfd,1.63073,4rfd,3O5
4ptj,1.05027,4rgc,1.05027,4rgc,NAP
5dsp,1.39831,4rh2,1.3,4rh2,FC9
2vva,1.55996,4rn4,1.53,4rn4,3T7
4e5q,1.7024,4ruz,1.6299,4ruz,3W8
3cfm,1.60007,4tq8,1.52058,4tq8,7BD
1f41,1.29847,4tqi,1.24892,4tqi,3cn4
3cfm,1.60007,4tqp,1.58002,4tqp,48R
4qsq,1.80133,4tte,1.8,4tte,36Z
4qsq,1.80133,4tu4,1.73008,4tu4,37N
4qsu,1.9001,4tyl,1.84953,4tyl,COA
4u6j,1.55807,4u69,1.5984,4u69,Q07
4u76,1.87436,4u6z,1.79894,4u6z,Q07
3u9h,1.74999,4ufy,1.70001,4ufy,M3W
3u9h,1.74999,4uhg,1.70001,4uhg,SZ5
4uhm,1.32949,4uho,1.23876,4uho,PLP
5hwn,1.49903,4ur7,1.49903,4ur7,KPI
3u9h,1.74999,4ux4,1.8,4ux4,E9L
5oh2,1.89693,4v30,1.8494,4v30,LVY
4w7u,1.47868,4w7v,1.43458,4w7v,CBI
4wjo,1.45774,4wjn,1.50002,4wjn,SEP
4wjx,0.999891,4wkh,1.04952,4wkh,CBS
5cnh,1.41894,4wnj,1.39818,4wnj,QUE
4phj,1.60005,4wq2,1.64001,4wq2,3SU
3d93,1.10095,4ww6,1.06,4ww6,3TV
4lyc,1.34817,4xad,1.24901,4xad,3ZW
5eoi,1.803,4xe1,1.80021,4xe1,IL5
4xik,1.91,4xe9,1.83901,4xe9,OPX
4wm2,1.6,4xen,1.54966,4xen,NAG
4xik,1.91,4xil,1.90001,4xil,OPX
4xik,1.91,4xj9,1.98,4xj9,OPX
4xik,1.91,4xja,1.98,4xja,SFJ
4xik,1.91,4xju,1.98,4xju,19D
4xjz,1.56,4xjw,1.52601,4xjw,OPX
5e9m,1.77769,4xua,1.75001,4xua,43C
4xv8,1.57001,4xv7,1.62063,4xv7,1LQ
1q9a,1.03995,4y27,0.998259,4y27,OMG
5p12,1.54885,4y35,1.45699,4y35,F90
5p5n,1.68873,4y36,1.589,4y36,45L
5oz3,1.75402,4y37,1.68666,4y37,45J
5p8m,1.19935,4y38,1.09955,4y38,0A9
5p0p,1.29958,4y39,1.19988,4y39,45M
5p52,1.26954,4y3a,1.16977,4y3a,45O
5p8v,1.57879,4y3d,1.48161,4y3d,45N
5p7w,1.34968,4y3e,1.24983,4y3e,F05
5p1u,1.49938,4y3f,1.39987,4y3f,78B
5p1w,1.22953,4y3g,1.13026,4y3g,463
5p4y,1.40774,4y3j,1.30803,4y3j,HIC
5p6w,1.60831,4y3m,1.54934,4y3m,45Y
5p6d,1.43874,4y3n,1.33926,4y3n,45V
5p16,1.63974,4y3p,1.54553,4y3p,46S
5p52,1.26954,4y3q,1.16989,4y3q,F02
5p85,1.22908,4y3r,1.12932,4y3r,F06
5p0s,1.19988,4y3s,1.09989,4y3s,46L
5p1n,1.51613,4y3t,1.41619,4y3t,46H
5p04,1.66931,4y3w,1.5786,4y3w,46Q
5p7w,1.34968,4y3x,1.24972,4y3x,46P
5ozq,1.50286,4y41,1.40319,4y41,46O
5p4p,1.56904,4y43,1.47607,4y43,46T
5p6c,1.33926,4y44,1.23942,4y44,46Y
5p4g,1.15906,4y45,1.05967,4y45,F91
5p5q,1.28399,4y47,1.18804,4y47,479
5p1b,1.3777,4y4a,1.278,4y4a,47G
5p0s,1.19988,4y4b,1.10793,4y4b,47H
5p1j,1.36889,4y4d,1.2694,4y4d,CFF
5p5u,1.3991,4y4e,1.29921,4y4e,46R
5p1h,1.52811,4y4g,1.43933,4y4g,GGB
5p1a,1.40036,4y4t,1.30122,4y4t,46X
5p0d,1.8485,4y4u,1.75402,4y4u,46V
5p12,1.54885,4y4w,1.45078,4y4w,46W
5oz3,1.75402,4y4x,1.66931,4y4x,47Q
5p2b,1.70003,4y51,1.60316,4y51,47A
5p23,1.7135,4y53,1.61927,4y53,47B
5ozc,1.70888,4y54,1.60931,4y54,47E
5p1e,1.58907,4y57,1.48951,4y57,F63
5p8f,1.26943,4y58,1.16947,4y58,47L
5p86,1.32956,4y5b,1.23801,4y5b,47P
5p5q,1.28399,4y5c,1.18736,4y5c,47V
5p5b,1.20927,4y5e,1.11589,4y5e,47T
5oz8,1.55973,4y5g,1.46897,4y5g,47U
5p1h,1.52811,4y5k,1.43874,4y5k,489
5p11,1.37958,4y5m,1.27959,4y5m,47Y
5p11,1.37958,4y5n,1.289,4y5n,487
5p1r,1.32883,4y5p,1.22908,4y5p,483
4pwe,1.39536,4y9c,1.49362,4y9c,MKS
5p3e,1.16958,4yck,1.06959,4yck,78B
5p1j,1.36889,4yd4,1.26954,4yd4,4AY
5p22,1.30914,4yd5,1.20927,4yd5,4AV
5p56,1.4989,4yd7,1.3991,4yd7,F5N
4l6a,1.402,4yik,1.48304,4yik,2O2
1gwa,1.85003,4ym9,1.79871,4ym9,4.00E+04
4yt8,1.90208,4yt5,1.90001,4yt5,H4M
6b80,1.94887,4yv5,1.90001,4yv5,SVR
3d92,1.10517,4yx4,1.00861,4yx4,FB2
4eus,1.65001,4yx9,1.75,4yx9,4HY
5y2r,0.999048,4yxi,0.959083,4yxi,4J8
3d92,1.10517,4yxo,1.05961,4yxo,4JC
3d92,1.10517,4yyt,1.06948,4yyt,4jlk
3kok,1.39809,4z0q,1.45025,4z0q,4K9
3gz0,1.26699,4z1k,1.34993,4z1k,4KB
2vva,1.55996,4z1n,1.46883,4z1n,4KD
3kon,1.49753,4z1n,1.46883,4z1n,4KD
4z9y,1.62788,4za2,1.55,4za2,NAD
5p0w,1.26949,4ze6,1.16949,4ze6,11
5p2d,1.29921,4zea,1.19933,4zea,IMI
3qyu,1.54002,4zsc,1.50001,4zsc,EA4
3qyu,1.54002,4zsd,1.44966,4zsd,7I6
4zup,1.42068,4zum,1.42001,4zum,4qdo
4zup,1.42068,4zun,1.39701,4zun,SS9
4zup,1.42068,4zuo,1.33,4zuo,XS6
4q9y,1.55,4zwy,1.49807,4zwy,4SN
4q7p,1.65005,4zx0,1.5999,4zx0,5L2
3dai,1.95001,5a5n,1.9501,5a5n,8WS
3dai,1.95001,5a5q,1.96626,5a5q,6XC
3dai,1.95001,5a82,1.86055,5a82,YEJ
3u9h,1.74999,5al1,1.75,5al1,GN5
3u9h,1.74999,5al3,1.74999,5al3,TGW
5av1,1.49746,5auv,1.49933,5auv,AGI
5av1,1.49746,5aux,1.50012,5aux,KMP
5av1,1.49746,5av2,1.50164,5av2,KMP
4ngy,1.35041,5b5j,1.26247,5b5j,UTX
5bk9,1.5095,5bkb,1.58201,5bkb,FTV
2g4g,1.85001,5boj,1.75016,5boj,4TX
5bvu,1.61151,5bx2,1.61165,5bx2,G2F
5bvu,1.61151,5bx4,1.6536,5bx4,GIM
4mre,1.10439,5bzc,1.11401,5bzc,4WT
4mre,1.10439,5bze,1.11366,5bze,6BT
4mre,1.10439,5bzh,1.10832,5bzh,4X1
4mre,1.10439,5bzi,1.11403,5bzi,4WU
4mre,1.10439,5bzj,1.11212,5bzj,4WN
4mre,1.10439,5bzk,1.10644,5bzk,4WP
4mre,1.10439,5bzl,1.12146,5bzl,4WO
4mre,1.10439,5bzm,1.1074,5bzm,4X8
4mre,1.10439,5bzn,1.10792,5bzn,4XD
4mre,1.10439,5bzo,1.10629,5bzo,4XC
4mre,1.10439,5bzq,1.1083,5bzq,4XL
4mre,1.10439,5bzr,1.14995,5bzr,4XM
4mre,1.10439,5bzs,1.12,5bzs,4XK
4mre,1.10439,5bzt,1.10584,5bzt,4XJ
5pcj,1.97487,5cq3,1.92465,5cq3,53B
5pgo,1.88052,5cq4,1.78213,5cq4,53C
5pcj,1.97487,5cq6,1.97029,5cq6,PDC
5pff,1.95215,5cq7,1.8555,5cq7,53G
5pcd,1.749,5cq8,1.65078,5cq8,AC6
5pff,1.95215,5cua,1.89011,5cua,54U
5pbn,1.84501,5cud,1.75,5cud,ES4
5pdw,1.87782,5cug,1.77997,5cug,TYZ
5d2g,1.69901,5d2h,1.73659,5d2h,AKG
3dvz,1.00001,5d99,0.97004,5d99,OMU
4e5q,1.7024,5dog,1.70001,5dog,5DT
5p4q,1.58714,5dq1,1.48854,5dq1,5HL
5oyu,1.24983,5dq4,1.14989,5dq4,5HQ
5oyq,1.49035,5dr0,1.39864,5dr0,5GC
5p2n,1.54879,5dr1,1.44883,5dr1,5GJ
5p6c,1.33926,5dr3,1.23927,5dr3,5GL
5p1e,1.58907,5dr4,1.4989,5dr4,5GQ
5p86,1.32956,5dr7,1.23397,5dr7,5HJ
5p00,1.50824,5dr8,1.40893,5dr8,5G1
3d93,1.10095,5drs,1.099,5drs,5EF
2oss,1.34992,5e0r,1.352,5e0r,5J5
5cnh,1.41894,5.00E+23,1.41,5.00E+23,2b77
5dso,1.40099,5.00E+28,1.30165,5.00E+28,BC5
1y4g,1.90773,5.00E+29,1.85001,5.00E+29,1vhl
2vva,1.55996,5e2s,1.50001,5e2s,5CX
5eav,1.5976,5e3k,1.69718,5e3k,5JV
5cnh,1.41894,5e4a,1.32997,5e4a,5JW
5cnh,1.41894,5e4o,1.50001,5e4o,L57
5.00E+71,1.7,5.00E+72,1.73896,5.00E+72,SAM
5e9m,1.77769,5.00E+74,1.783,5.00E+74,5KH
5eju,1.54749,5eb6,1.54749,5eb6,CRQ
5exu,1.65003,5eb7,1.65003,5eb7,CRQ
3kok,1.39809,5eh8,1.38144,5eh8,5O6
4q9y,1.55,5ehe,1.5,5ehe,WWO
3kok,1.39809,5ehw,1.39221,5ehw,5OO
3k7k,1.90022,5eij,1.97568,5eij,5OT
5dso,1.40099,5ekh,1.34,5ekh,5RD
5dso,1.40099,5ekm,1.33,5ekm,TG5
4qsq,1.6,5epb,1.5,5epb,5QW
5hcl,1.49981,5f63,1.45001,5f63,5W2
5f6e,1.11995,5f6y,1.13993,5f6y,5VM
1bio,1.50126,5fbe,1.43003,5fbe,5W5
1bio,1.50126,5fbi,1.46001,5fbi,5WD
5eoi,1.803,5fdc,1.75,5fdc,5WN
5eoi,1.803,5fdi,1.85091,5fdi,5WM
1suf,1.15002,5fle,1.22852,5fle,82N
5glm,1.80028,5glo,1.80003,5glo,ARA
5glm,1.80028,5glp,1.80002,5glp,ARA
5gln,1.70003,5glq,1.7,5glq,FUB
5glm,1.80028,5glr,1.70163,5glr,6P1
16gs,1.91011,5gss,1.95172,5gss,GSH
5nfc,1.58728,5h9r,1.57959,5h9r,TGZ
5p6r,1.26878,5hco,1.16892,5hco,601
5p7t,1.45902,5hct,1.35911,5hct,61P
5hgn,1.90007,5hgp,1.86413,5hgp,BHC
1sml,1.71,5hh5,1.74997,5hh5,60M
5cnh,1.41894,5hjg,1.40001,5hjg,XDI
5id8,1.09829,5ida,1.09963,5ida,BMA
5lll,1.42,5ihh,1.35001,5ihh,6B5
5k7m,1.64979,5il1,1.7067,5il1,SAM
102m,1.84012,5ile,1.761,5ile,6CQ
5p3v,1.46783,5is4,1.3679,5is4,6LY
5p2c,1.74917,5isj,1.65063,5isj,6LE
3wc6,1.65099,5j1q,1.74,5j1q,CXA
5p5c,1.33946,5j25,1.23976,5j25,47K
5jez,1.7,5jf6,1.70004,5jf6,BB4
1f41,1.29847,5jid,1.199,5jid,8PF
5cn3,1.2992,5jim,1.26,5jim,P8S
5cnh,1.41894,5jiq,1.448,5jiq,27M
4zao,1.80065,5jmz,1.89969,5jmz,AYX
5thj,1.49803,5jn7,1.51661,5jn7,6LU
5hcl,1.49981,5kj0,1.50998,5kj0,6TB
5ipb,1.55004,5kma,1.55003,5kma,777
5ktr,1.33521,5ktn,1.34,5ktn,13P
5cnh,1.41894,5l4f,1.48002,5l4f,6J1
5cnh,1.41894,5l4i,1.45,5l4i,6J3
3cfm,1.60007,5l4j,1.62,5l4j,6JD
3cfm,1.60007,5l4m,1.58146,5l4m,SBK
5e9m,1.77769,5l8u,1.85001,5l8u,6RS
3k7k,1.90022,5lle,1.90002,5lle,V51
5p87,1.34917,5lwr,1.24925,5lwr,7B2
5tqz,1.6,5m6o,1.69998,5m6o,MAN
5onp,1.26732,5m9w,1.21207,5m9w,7GR
5p4z,1.24843,5mb0,1.14864,5mb0,F91
5mtd,1.50004,5mte,1.40007,5mte,BB2
5mzw,1.5,5mzy,1.6,5mzy,8EZ
4q7s,1.80026,5n0e,1.75164,5n0e,8F3
3kok,1.39809,5n1r,1.302,5n1r,8GH
3kok,1.39809,5n1s,1.30001,5n1s,8GE
2ax2,1.50001,5n24,1.50059,5n24,8HE
4q8z,1.5009,5n25,1.40155,5n25,8HK
5dso,1.40099,5nea,1.30156,5nea,8V8
4q7s,1.80026,5nee,1.701,5nee,8V5
5nh5,1.79701,5nha,1.77254,5nha,SOR
5nh5,1.79701,5nhc,1.77354,5nhc,XUL
5nja,1.4,5njb,1.49443,5njb,BB2
5thn,1.29774,5nxg,1.199,5nxg,RA1
3d93,1.10095,5nxw,1.09912,5nxw,RA9
5y2r,0.999048,5ny1,1.09893,5ny1,9.00E+05
3kok,1.39809,5ny3,1.39992,5ny3,9.00E+08
2ili,1.04997,5ny6,1.10018,5ny6,9EB
5ny2,1.84994,5nyb,1.8808,5nyb,9EE
5o06,1.54661,5o0c,1.64201,5o0c,9F8
3g5f,1.4,5o4k,1.49792,5o4k,4lm2
5p0d,1.8485,5og7,1.82296,5og7,FLK
5oh2,1.89693,5oh8,1.9496,5oh8,ROL
5p04,1.66931,5oje,1.57923,5oje,VSK
5ok7,1.34,5oke,1.31,5oke,XYT
5pa9,1.55203,5paf,1.4983,5paf,7LR
5pb1,1.8,5paj,1.70004,5paj,7HE
5pa9,1.55203,5pam,1.60003,5pam,7Z1
5pa9,1.55203,5pas,1.48316,5pas,7ZD
5pa9,1.55203,5pau,1.55001,5pau,7ZJ
5paa,1.981,5pb3,1.90002,5pb3,9S1
5syl,1.95,5sxs,1.88737,5sxs,AMP
4e5q,1.7024,5sz0,1.62888,5sz0,72DD
5thj,1.49803,5sz1,1.54673,5sz1,72E
4q90,1.54001,5sz2,1.63033,5sz2,72G
4e5q,1.7024,5sz3,1.68884,5sz3,72H
2pkv,1.60052,5tgp,1.601,5tgp,US3
5tni,1.8,5tne,1.74993,5tne,7G0
5tni,1.8,5tnf,1.74991,5tnf,7HW
5tnl,1.8,5tng,1.74998,5tng,7LE
5tnn,1.95001,5tnp,1.85001,5tnp,FEH
6c39,1.56137,5txi,1.56564,5txi,RB6
2vvb,1.65898,5ty1,1.59964,5ty1,7QV
2ax2,1.50001,5ty8,1.45103,5ty8,7Q1
2vva,1.55996,5ty9,1.53014,5ty9,7QV
2vva,1.55996,5tya,1.504,5tya,7QS
5ch3,1.71001,5tyk,1.65,5tyk,7N4
2cbb,1.67759,5u0d,1.58751,5u0d,7R7
2vva,1.55996,5u0g,1.53954,5u0g,7QY
6b9z,1.82005,5u5m,1.87988,5u5m,56C
4jm5,1.26061,5u5v,1.22204,5u5v,7WA
4jm5,1.26061,5u5w,1.29002,5u5w,7W1
4jm5,1.26061,5u5y,1.3,5u5y,7W4
6b9z,1.82005,5u6a,1.73602,5u6a,562
2zhv,1.84317,5uyu,1.9,5uyu,8QV
3kok,1.39809,5vgy,1.39196,5vgy,9AA
4q90,1.54001,5w8b,1.60123,5w8b,A57
4q90,1.54001,5wg7,1.44852,5wg7,AUD
5thj,1.49803,5wlt,1.56956,5wlt,86B
5xbu,0.999002,5xbx,1.04,5xbx,CBI
5xk3,1.99595,5xk7,1.91104,5xk7,DMA
5xzt,1.80001,5y02,1.8,5y02,MXN
2hnx,1.50126,5y0f,1.54308,5y0f,8JO
2hnx,1.50126,5y0g,1.54201,5y0g,8JL
5y1w,1.55955,5y1v,1.619,5y1v,8LO
5y57,1.96089,5y5r,1.89878,5y5r,8NL
6jkx,1.07989,5y9a,1.10001,5y9a,AR3
3b2x,1.50153,5yq1,1.58025,5yq1,0A1
3b2x,1.50153,5yq2,1.59998,5yq2,GMC
3b2x,1.50153,5yqb,1.56072,5yqb,GMC
4u76,1.87436,5yr4,1.82125,5yr4,TN4
3aws,1.23853,5z0h,1.17954,5z0h,DAH
3ax0,1.40015,5z0i,1.31929,5z0i,DAH
5gpi,1.57642,5zms,1.67402,5zms,2UE
5zp5,1.7668,5zow,1.7776,5zow,5CT
3at2,1.60068,6a1c,1.68301,6a1c,9NX
1a3h,1.60047,6a3h,1.66649,6a3h,FCT
4mnt,1.58403,6af5,1.65003,6af5,ISN
4mnt,1.58403,6afa,1.65003,6afa,ISN
4mnt,1.58403,6aff,1.60004,6aff,72U
4mnt,1.58403,6afl,1.60007,6afl,73H
6ajw,1.4011,6ajv,1.44983,,
3gz0,1.26699,6b4d,1.19626,6b4d,53X
4q90,1.54001,6b59,1.63781,6b59,CQS
6b6b,1.80003,6b6c,1.89961,6b6c,9F2
6b6b,1.80003,6b6d,1.80001,6b6d,9F2
6b6b,1.80003,6b6e,1.89964,6b6e,9F2
2nmo,1.35002,6b8k,1.28003,6b8k,W9T
4nfo,1.60931,6bgb,1.59882,6bgb,A7C
2x0a,1.52,6ciw,1.42401,6ciw,5dqb
6cob,1.82117,6coe,1.84401,6coe,MXN
6css,1.7,6csr,1.61901,6csr,BHO
6d0c,1.50001,6czw,1.6,6czw,FO7
6d0c,1.50001,6d0b,1.59998,6d0b,FOV
4o45,1.87,6d9x,1.82562,6d9x,FZM
5d30,1.69002,6dnj,1.65001,6dnj,H5J
6e6y,1.60004,6e6t,1.6,6e6t,HVV
4zao,1.80065,6e8p,1.8998,6e8p,HZJ
4zao,1.80065,6.00E+91,1.79878,6.00E+91,J04
4zao,1.80065,6.00E+92,1.77248,6.00E+92,HZY
3m1j,1.80012,6ebe,1.8795,6ebe,J3V
3m1j,1.80012,6eda,1.8795,6eda,J3V
4zao,1.80065,6eeo,1.71914,6eeo,J6V
6eoc,1.6675,6eoe,1.705,6eoe,ADP
6f6y,1.41002,6eol,1.50001,6eol,BKH
2oxu,1.24294,6eox,1.29818,6eox,BKW
5hgn,1.90007,6es8,1.89998,6es8,IHP
5pll,1.213,6etg,1.27873,6etg,BWT
5hmj,1.29987,6f2i,1.20057,6f2i,7MT
5k2n,1.40122,6f2j,1.30159,6f2j,7MT
5lu0,1.729,6f4x,1.69426,6f4x,FMC
4i15,1.65059,6fe3,1.62002,6fe3,D68
3zsl,1.07994,6g0v,1.097,6g0v,EGZ
6hwz,1.643,6g3v,1.69274,6g3v,FO9
3d92,1.10517,6gdc,1.07875,6gdc,FB2
4n1q,1.65008,6gji,1.59688,6gji,F1E
6glk,1.50014,6glm,1.59949,6glm,BU8
6glk,1.50014,6gln,1.40127,6gln,3gzm
3d92,1.10517,6gm9,1.08945,6gm9,4J8
4q7p,1.65005,6got,1.56002,6got,F6W
3ioh,1.25001,6gx0,1.25,6gx0,GDU
5dso,1.40099,6h3q,1.31,6h3q,FMH
3dai,1.95001,6hdn,1.9,6hdn,FZB
6iog,1.54552,6ioi,1.60017,6ioi,COA
5thj,1.49803,6mby,1.49552,6mby,FER
6nn1,1.5,6n1e,1.56865,6n1e,QIF
5d8o,1.90001,6nlk,1.85,6nlk,KTG
5d8o,1.90001,6nlm,1.9,6nlm,KT1
6o0r,1.80001,6o0q,1.79636,6o0q,5jib
3kok,1.39809,6oe0,1.3,6oe0,M8S
3kok,1.39809,6oe1,1.45,6oe1,M8V
5v5j,1.81382,6onz,1.80003,6onz,MYJ
4wl7,1.95017,6pbb,1.87425,6pbb,I3C
5zr8,1.50002,6q30,1.49986,6q30,HCH
2nmo,1.35002,6qgf,1.33691,6qgf,J0T
6exy,1.09995,6qls,1.04663,6qls,HRK
6exy,1.09995,6qlu,1.083,6qlu,J62
6qwe,1.3,6qwc,1.24011,6qwc,MK7
4ngj,1.09959,6ro3,1.00004,6ro3,KBW
3qmp,1.10004,6rvg,1.10001,6rvg,XCO
4qsu,1.9001,6s57,1.82,6s57,KVT
16gs,1.91011,9gss,1.98007,9gss,GTX